バ,カ
ホ,ク,サ,イ,・,ヒ,ュ,ー
ス,ク,イ,ッ,ク,リ,ン,γ
ス,プ,ラ,シ,ュ,ー,タ,ー,ベ,ッ,チ,ュ,ー
ボ,ー,ル,ド,マ,ー,カ,ー,ネ,オ
ヒ,ー,ロ,ー,チ,ャ,ー,ジ,ャ,ー, ,レ,プ,リ,カ
ジ,ェ,ッ,ト,ス,イ,ー,パ,ー,カ,ス,タ,ム
.,5,2,ガ,ロ,ン,ベ,ッ,チ,ュ,ー
ボ,ー,ル,ド,マ,ー,カ,ー
ス,パ,ッ,タ,リ,ー,ク,リ,ア
バ,レ,ル,ス,ピ,ナ,ー,リ,ミ,ッ,ク,ス
ス,プ,ラ,ロ,ー,ラ,ー
リ,ッ,タ,ー,4,K
ス,ク,イ,ッ,ク,リ,ン,α
N,-,Z,A,P,8,9
カ,ー,ボ,ン,ロ,ー,ラ,ー,デ,コ
N,-,Z,A,P,8,5
ジ,ェ,ッ,ト,ス,イ,ー,パ,ー
エ,ク,ス,プ,ロ,ッ,シ,ャ,ー,カ,ス,タ,ム
ケ,ル,ビ,ン,5,2,5,ベ,ッ,チ,ュ,ー
ス,ク,イ,ッ,ク,リ,ン,β
プ,ラ,イ,ム,シ,ュ,ー,タ,ー,ベ,ッ,チ,ュ,ー
わ,か,ば,シ,ュ,ー,タ,ー
シ,ャ,ー,プ,マ,ー,カ,ー,ネ,オ
も,み,じ,シ,ュ,ー,タ,ー
ス,プ,ラ,シ,ュ,ー,タ,ー
ス,パ,ッ,タ,リ,ー
ヒ,ッ,セ,ン
4,K,ス,コ,ー,プ
オ,ー,バ,ー,フ,ロ,ッ,シ,ャ,ー,デ,コ
ヴ,ァ,リ,ア,ブ,ル,ロ,ー,ラ,ー,フ,ォ,イ,ル
デ,ュ,ア,ル,ス,イ,ー,パ,ー
ス,プ,ラ,マ,ニ,ュ,ー,バ,ー
L,3,リ,ー,ル,ガ,ン
ス,プ,ラ,マ,ニ,ュ,ー,バ,ー,コ,ラ,ボ
ス,パ,ッ,タ,リ,ー,・,ヒ,ュ,ー
N,-,Z,A,P,8,3
デ,ュ,ア,ル,ス,イ,ー,パ,ー,カ,ス,タ,ム
ケ,ル,ビ,ン,5,2,5,デ,コ
ノ,ヴ,ァ,ブ,ラ,ス,タ,ー
ス,プ,ラ,チ,ャ,ー,ジ,ャ,ー
ス,プ,ラ,チ,ャ,ー,ジ,ャ,ー,ベ,ッ,チ,ュ,ー
ク,ー,ゲ,ル,シ,ュ,ラ,イ,バ,ー
ロ,ン,グ,ブ,ラ,ス,タ,ー,ネ,ク,ロ
ダ,イ,ナ,モ,ロ,ー,ラ,ー,ベ,ッ,チ,ュ,ー
ボ,ト,ル,ガ,イ,ザ,ー,フ,ォ,イ,ル
ラ,ピ,ッ,ド,ブ,ラ,ス,タ,ー,ベ,ッ,チ,ュ,ー
プ,ロ,モ,デ,ラ,ー,P,G
キ,ャ,ン,ピ,ン,グ,シ,ェ,ル,タ,ー,カ,ー,モ
バ,ケ,ッ,ト,ス,ロ,ッ,シ,ャ,ー,ソ,ー,ダ
ス,ク,リ,ュ,ー,ス,ロ,ッ,シ,ャ,ー,ベ,ッ,チ,ュ,ー
カ,ー,ボ,ン,ロ,ー,ラ,ー
ス,プ,ラ,シ,ュ,ー,タ,ー,コ,ラ,ボ
パ,ブ,ロ,・,ヒ,ュ,ー
ヒ,ッ,セ,ン,・,ヒ,ュ,ー
シ,ャ,ー,プ,マ,ー,カ,ー
プ,ロ,モ,デ,ラ,ー,M,G
プ,ロ,モ,デ,ラ,ー,R,G
H,3,リ,ー,ル,ガ,ン,D
ス,プ,ラ,チ,ャ,ー,ジ,ャ,ー,コ,ラ,ボ
パ,ー,マ,ネ,ン,ト,・,パ,ブ,ロ
ス,プ,ラ,ス,コ,ー,プ
R,ブ,ラ,ス,タ,ー,エ,リ,ー,ト
オ,ー,バ,ー,フ,ロ,ッ,シ,ャ,ー
ス,パ,イ,ガ,ジ,ェ,ッ,ト,ソ,レ,ー,ラ
ボ,ー,ル,ド,マ,ー,カ,ー,7
.,5,2,ガ,ロ,ン
バ,レ,ル,ス,ピ,ナ,ー
ク,ラ,ッ,シ,ュ,ブ,ラ,ス,タ,ー,ネ,オ
ハ,イ,ド,ラ,ン,ト
ヒ,ー,ロ,ー,ロ,ー,ラ,ー, ,レ,プ,リ,カ
ハ,イ,ド,ラ,ン,ト,カ,ス,タ,ム
.,9,6,ガ,ロ,ン
お,ち,ば,シ,ュ,ー,タ,ー
ス,プ,ラ,ス,コ,ー,プ,ベ,ッ,チ,ュ,ー
パ,ブ,ロ
ス,ク,リ,ュ,ー,ス,ロ,ッ,シ,ャ,ー
ホ,ク,サ,イ,ベ,ッ,チ,ュ,ー
ノ,ー,チ,ラ,ス,4,7
ス,パ,イ,ガ,ジ,ェ,ッ,ト
R,ブ,ラ,ス,タ,ー,エ,リ,ー,ト,デ,コ
バ,ケ,ッ,ト,ス,ロ,ッ,シ,ャ,ー
ソ,イ,チ,ュ,ー,バ,ー,カ,ス,タ,ム
ダ,イ,ナ,モ,ロ,ー,ラ,ー,テ,ス,ラ
ヒ,ー,ロ,ー,シ,ュ,ー,タ,ー, ,レ,プ,リ,カ
ホ,ッ,ト,ブ,ラ,ス,タ,ー
ヒ,ー,ロ,ー,マ,ニ,ュ,ー,バ,ー, ,レ,プ,リ,カ
ク,ア,ッ,ド,ホ,ッ,パ,ー,ブ,ラ,ッ,ク
プ,ラ,イ,ム,シ,ュ,ー,タ,ー
パ,ラ,シ,ェ,ル,タ,ー
リ,ッ,タ,ー,4,K,カ,ス,タ,ム
.,9,6,ガ,ロ,ン,デ,コ
ノ,ヴ,ァ,ブ,ラ,ス,タ,ー,ベ,ッ,チ,ュ,ー
ク,ア,ッ,ド,ホ,ッ,パ,ー,ホ,ワ,イ,ト
ロ,ン,グ,ブ,ラ,ス,タ,ー
ク,ラ,ッ,シ,ュ,ブ,ラ,ス,タ,ー
ス,プ,ラ,ロ,ー,ラ,ー,コ,ラ,ボ
ス,プ,ラ,ロ,ー,ラ,ー,ベ,ッ,チ,ュ,ー
ボ,ト,ル,ガ,イ,ザ,ー
ヴ,ァ,リ,ア,ブ,ル,ロ,ー,ラ,ー
.,5,2,ガ,ロ,ン,デ,コ
ス,プ,ラ,ス,ピ,ナ,ー,コ,ラ,ボ
キ,ャ,ン,ピ,ン,グ,シ,ェ,ル,タ,ー
ス,プ,ラ,ス,ピ,ナ,ー,ベ,ッ,チ,ュ,ー
ス,プ,ラ,マ,ニ,ュ,ー,バ,ー,ベ,ッ,チ,ュ,ー
キ,ャ,ン,ピ,ン,グ,シ,ェ,ル,タ,ー,ソ,レ,ー,ラ
エ,ク,ス,プ,ロ,ッ,シ,ャ,ー
ノ,ヴ,ァ,ブ,ラ,ス,タ,ー,ネ,オ
ヒ,ー,ロ,ー,ブ,ラ,ス,タ,ー, ,レ,プ,リ,カ
ス,プ,ラ,ス,コ,ー,プ,コ,ラ,ボ
1,4,式,竹,筒,銃,・,乙
ケ,ル,ビ,ン,5,2,5
ノ,ー,チ,ラ,ス,7,9
バ,レ,ル,ス,ピ,ナ,ー,デ,コ
ソ,イ,チ,ュ,ー,バ,ー
プ,ラ,イ,ム,シ,ュ,ー,タ,ー,コ,ラ,ボ
1,4,式,竹,筒,銃,・,甲
ヒ,ー,ロ,ー,ス,ピ,ナ,ー, ,レ,プ,リ,カ
オ,ク,タ,シ,ュ,ー,タ,ー, ,レ,プ,リ,カ
ス,プ,ラ,ス,ピ,ナ,ー
ク,ー,ゲ,ル,シ,ュ,ラ,イ,バ,ー,・,ヒ,ュ,ー
ラ,ピ,ッ,ド,ブ,ラ,ス,タ,ー
H,3,リ,ー,ル,ガ,ン
パ,ラ,シ,ェ,ル,タ,ー,ソ,レ,ー,ラ
ホ,ク,サ,イ
4,K,ス,コ,ー,プ,カ,ス,タ,ム
ホ,ッ,ト,ブ,ラ,ス,タ,ー,カ,ス,タ,ム
L,3,リ,ー,ル,ガ,ン,D
ス,パ,イ,ガ,ジ,ェ,ッ,ト,ベ,ッ,チ,ュ,ー
ロ,ン,グ,ブ,ラ,ス,タ,ー,カ,ス,タ,ム
ヒ,ー,ロ,ー,ブ,ラ,シ, ,レ,プ,リ,カ
H,3,リ,ー,ル,ガ,ン,チ,ェ,リ,ー
1,4,式,竹,筒,銃,・,丙
ダ,イ,ナ,モ,ロ,ー,ラ,ー
L,3,リ,ー,ル,ガ,ン,ベ,ッ,チ,ュ,ー
ヒ,ー,ロ,ー,シ,ェ,ル,タ,ー, ,レ,プ,リ,カ
バ,ケ,ッ,ト,ス,ロ,ッ,シ,ャ,ー,デ,コ
ラ,ピ,ッ,ド,ブ,ラ,ス,タ,ー,デ,コ
ス,ク,リ,ュ,ー,ス,ロ,ッ,シ,ャ,ー,ネ,オ
ヒ,ー,ロ,ー,ス,ロ,ッ,シ,ャ,ー, ,レ,プ,リ,カ
